{
  "seen_entries": [],
  "posts": [
    {
      "title": "# Introduction",
      "url": "/posts/2025/09/27/introduction.html",
      "date": "2025-09-27",
      "description": "Introduction\nThis is demo content. Replace with OpenAI output.",
      "tags": [
        "travel"
      ]
    },
    {
      "title": "# Introduction",
      "url": "/posts/2025/09/27/introduction.html",
      "date": "2025-09-27",
      "description": "Introduction\nThis is demo content. Replace with OpenAI output.",
      "tags": [
        "travel"
      ]
    }
  ]
}