<?xml version='1.0' encoding='UTF-8'?>
<rss version='2.0'><channel>
<title>uPatch Blog</title>
<link>https://vladchat.github.io/site</link>
<description>Automated blog feed</description>
<item><title><![CDATA[# Introduction]]></title><link>https://vladchat.github.io/site/posts/2025/09/27/introduction.html</link><pubDate>2025-09-27</pubDate><description><![CDATA[Introduction
This is demo content. Replace with OpenAI output.]]></description></item>
<item><title><![CDATA[# Introduction]]></title><link>https://vladchat.github.io/site/posts/2025/09/27/introduction.html</link><pubDate>2025-09-27</pubDate><description><![CDATA[Introduction
This is demo content. Replace with OpenAI output.]]></description></item>
</channel></rss>